title,brand,brandJp
ネバーエンディング サマー,Maison Margiela,メゾン マルジェラ
アイディアル ワン,Maison Margiela,メゾン マルジェラ
セレスティアル ウィスパー,Maison Margiela,メゾン マルジェラ
ユーロン,Giorgio Armani,ジョルジオ アルマーニ
メロディ,Miller Harris,ミラーハリス
スタッカート,Miller Harris,ミラーハリス
ミニア,Miller Harris,ミラーハリス
リザーブ ホイップドチェリー,Clean,クリーン
ミルク ＆ マッチャ,Obvious,オブヴィアス
サンタル ブラン ル パルファム,Van Cleef & Arpels,ヴァンクリーフ&アーペル
パッサージュ ダンフェ エクストリーム,L'artisan Parfumeur,ラルチザン パフューム
シャッセ オ パピオン,L'artisan Parfumeur,ラルチザン パフューム
ルペルスヴァン,Serge Lutens,セルジュ ルタンス
シンフォニー,Louis Vuitton,ルイ・ヴィトン
サユ,Ahres,アーレス
サンセット レイニー バレー,Ahres,アーレス
デゾベイサン,Givenchy,ジバンシイ
アンファン テリブル,Givenchy,ジバンシイ
リブレ ロー ニュ,Yves Saint Laurent,イヴ・サンローラン
イブニング グロー,Tamburins,タンバリンズ
ボタリ,Tamburins,タンバリンズ
チャンス オー スプランディド,Chanel,シャネル
ガブリエル シャネル ロー,Chanel,シャネル
ユーカリプタス 20,Le Labo,ル ラボ
ホワイト サボン,SUNAH,スナハ
フォーチュイタス フィンリー,Penhaligon's,ペンハリガン
ウッディ サボン,SUNAH,スナハ
ピオニー イン ナイト,Flowereriy,フラワーエリー
ペッシュ ミラージュ,Guerlain,ゲラン
ローズ バルバル,Guerlain,ゲラン
サンタル パオロッサ,Guerlain,ゲラン
サイプレス＆シーフェンネル オードパルファン,Molton Brown,モルトンブラウン
タバコアブソリュート オードパルファン,Molton Brown,モルトンブラウン
アン・エテ・フランセ,Celine,セリーヌ
オーエーシー,RboW,アールボウ
アトリエチャイ,RboW,アールボウ
アンブル ニュイ エスプリ ドゥ パルファン,Dior,ディオール
グリ ディオール エスプリ ドゥ パルファン,Dior,ディオール
ルージュ トラファルガー エスプリ ドゥ パルファン,Dior,ディオール
バレニア,Hermes,エルメス
カブリオル,Hermes,エルメス
レッド ハイビスカス,Jo Malone,ジョー マローン
ムーンライト パチョリ,Van Cleef & Arpels,ヴァンクリーフ&アーペル
ローズ ルージュ,Van Cleef & Arpels,ヴァンクリーフ&アーペル
サンタル ブラン,Van Cleef & Arpels,ヴァンクリーフ&アーペル
オーキデ ヴァニーユ,Van Cleef & Arpels,ヴァンクリーフ&アーペル
オルナー,Aesop,イソップ
ソリューション No.2,Off-White,オフ-ホワイト
ソリューション No.4,Off-White,オフ-ホワイト
ソリューション No.6,Off-White,オフ-ホワイト
ソリューション No.9,Off-White,オフ-ホワイト
ドンローザ ミレジメ,Liquides Imaginaires,リキッドイマジネール
フルーヴ タンドル,Liquides Imaginaires,リキッドイマジネール
アーム デュ クール,Liquides Imaginaires,リキッドイマジネール
クレド,Nishane,ニシャネ
ファン ユア フレームズ,Nishane,ニシャネ
チュベローザ,Nishane,ニシャネ
フォーハー ムスクヌード,Narciso Rodriguez,ナルシソ ロドリゲス
フォーハー オードパルファム,Narciso Rodriguez,ナルシソ ロドリゲス
フォーハー ムスクノアール ローズ,Narciso Rodriguez,ナルシソ ロドリゲス
ウダート,Acqua Delle Langhe,アクア デレ ランゲ
ヴィレロ,Acqua Delle Langhe,アクア デレ ランゲ
アルバ ポンペイア,Acqua Delle Langhe,アクア デレ ランゲ
ネイラン,Acqua Delle Langhe,アクア デレ ランゲ
セレクオ,Acqua Delle Langhe,アクア デレ ランゲ
ダーティー ライス,Borntostandout,ボーン トゥ スタンド アウト
インデセント チェリー,Borntostandout,ボーン トゥ スタンド アウト
シュガー アディクト,Borntostandout,ボーン トゥ スタンド アウト
ヒノキ シャワー,Borntostandout,ボーン トゥ スタンド アウト
オピウム オーデトワレ,Yves Saint Laurent,イヴ・サンローラン
リブレ オーデトワレ,Yves Saint Laurent,イヴ・サンローラン
フェラーリ スクーデリア レッド,Ferrari,フェラーリ
フェラーリ ブラック,Ferrari,フェラーリ
フェラーリ ライト エッセンス,Ferrari,フェラーリ
ウォモ,Moschino,モスキーノ
ピンク ブーケ,Moschino,モスキーノ
トイ2 パール,Moschino,モスキーノ
マヤ,Tocca,トッカ
シモネ,Tocca,トッカ
リリアナ,Tocca,トッカ
ビアンカ,Tocca,トッカ
ジュリエッタ,Tocca,トッカ
ルチア,Tocca,トッカ
フローレンス,Tocca,トッカ
ステラ,Tocca,トッカ
クレオパトラ,Tocca,トッカ
ダリ プールオム,Salvador Dali,サルバドール・ダリ
ダリア,Salvador Dali,サルバドール・ダリ
ダリライト,Salvador Dali,サルバドール・ダリ
スタイル ソフト,Jil Sander,ジル サンダー
シンプリー プドゥレ インテンス,Jil Sander,ジル サンダー
シンプリー プドゥレ,Jil Sander,ジル サンダー
クチュール クチュール,Juicy Couture,ジューシークチュール
プリティ イン パープル,Juicy Couture,ジューシークチュール
ビバ ラ ジューシー ノワール,Juicy Couture,ジューシークチュール
ビバ ラ ジューシー ゴールド クチュール,Juicy Couture,ジューシークチュール
クチュール ララ,Juicy Couture,ジューシークチュール
ビバ ラ ジューシー ロゼ,Juicy Couture,ジューシークチュール
リザーブ ウォーム コットン,Clean,クリーン
リザーブ H2オー ネクタリン ペタル,Clean,クリーン
リザーブ H2オー ブリリアント ピオニー,Clean,クリーン
リザーブ H2オー ゴールデン シトラス,Clean,クリーン
レイン,Clean,クリーン
リザーブ セル サンタル,Clean,クリーン
アップル ブロッサム,Clean,クリーン
クール コットン,Clean,クリーン
ソフト ランドリー,Clean,クリーン
ヘブンリー,Victoria's Secret,ヴィクトリアズ シークレット
ボムシェル セダクション,Victoria's Secret,ヴィクトリアズ シークレット
ボムシェル,Victoria's Secret,ヴィクトリアズ シークレット
ニナ ローズ,Nina Ricci,ニナ リッチ
ルナ,Nina Ricci,ニナ リッチ
ニナ フルール,Nina Ricci,ニナ リッチ
ル タン デ レーヴ,Goutal,グタール
デュエル,Goutal,グタール
オード シャルロット,Goutal,グタール
ル パルフェ パナシュ プール ファム,Armaf,アルマフ
ル パルフェ アズール プール ファム,Armaf,アルマフ
ル パルフェ プール ファム,Armaf,アルマフ
ル パルフェ プール オム,Armaf,アルマフ